id,username,password,email,email_verified_at,remember_token,phone_number,full_name,date_of_birth,gender,address,role_id,registration_date,last_login,status,profile_image_url,reset_token,reset_token_expiry,identification_number,emergency_contact,biography,languages_spoken,years_of_experience,specializations,employment_status,created_at,updated_at,deleted_at,average_rating
1,admin1,$2y$12$KebvUGrKBN7NzieSatduJeP0kNwScjYI27SeJA8WtznKt36QQfAPC,admin1@example.com,,,(859) 539-6514,Else Yost,1994-03-07,male,"56436 Floy Well
Flossieburgh, SC 71229-2243",1,2025-05-15 07:39:21,2025-05-15 07:39:21,active,http://172.17.0.156:8000/mobile/assets/placeholder.jpg,,,XSMXAWK3,+1-419-497-5607,Alias ea laudantium aut corrupti. Quia enim est totam aut. Nulla distinctio cupiditate quos beatae fugiat. Alias blanditiis ad eos ut alias soluta.,"English, Malay",3,"Biodiversity, Jungle Trekking",active,2025-05-15 07:39:22,2025-05-15 07:39:22,,
2,admin2,$2y$12$5Z0qdd9/X3ezMkJec.vAjek0aX8Ny8yzImE06vzRXvfpAzHr7nsk.,admin2@example.com,,,(513) 565-5628,Freeda Lemke,1975-12-15,male,"583 Bode Circles
Jalynborough, NY 64218",1,2025-05-15 07:39:23,2025-05-15 07:39:23,active,http://172.17.0.156:8000/mobile/assets/placeholder.jpg,,,U3AMIE0E,+1.352.201.8352,Et ea laudantium magni aut omnis. Consequatur dignissimos quam aperiam animi officia nihil. Autem similique itaque et libero dolor repellat et.,"English, Malay",11,"Biodiversity, Jungle Trekking",active,2025-05-15 07:39:23,2025-05-15 07:39:23,,
3,guide1,$2y$12$zjYMUNJEHxWibHTYQK3/D.uyC79BWcgcTa/LjPJ8Ja.B00umJIMb6,guide1@example.com,,,(580) 824-4922,Dr. Bell Marquardt DDS,2015-08-12,female,"52559 Cooper Gateway
Terryfurt, IA 01216",2,2025-05-15 07:39:25,2025-05-15 07:39:25,active,http://172.17.0.156:8000/mobile/assets/placeholder.jpg,,,KGTJ97UZ,+1 (708) 379-2802,Ipsum corrupti aut cupiditate totam assumenda. Possimus deleniti non rerum. Est qui ab incidunt dolores.,"English, Malay",6,"Biodiversity, Jungle Trekking",active,2025-05-15 07:39:25,2025-05-15 07:39:25,,
4,guide2,$2y$12$..yHj9qUjZZmLanlsROrUOEVf8IgjcPv72ff7Qa8Y4Xiw68L0goje,guide2@example.com,,,+1-513-784-3831,Lydia Schinner,1981-01-11,male,"1997 Furman Lodge Apt. 907
Salvatoremouth, RI 81255-3053",2,2025-05-15 07:39:26,2025-05-15 07:39:26,active,http://172.17.0.156:8000/mobile/assets/placeholder.jpg,,,UJWRGM1J,+1-469-763-7309,Sit vero harum ea ipsam voluptatem perspiciatis. Commodi exercitationem numquam temporibus ipsum et sit incidunt. Et est nulla distinctio repellat. Voluptatem nam cum sunt ratione et provident.,"English, Malay",3,"Biodiversity, Jungle Trekking",active,2025-05-15 07:39:26,2025-05-15 07:39:26,,
5,guide3,$2y$12$aInuk1QPKz6l29DUkgeyKeTWmsPpI/N/mHmh7JaZZwsIwT6mXiiKC,guide3@example.com,,,(714) 482-5021,Miss Jammie Weber,1970-09-14,male,"349 Rogelio Manors
Kaelafort, UT 02996-7134",2,2025-05-15 07:39:27,2025-05-15 07:39:27,active,http://172.17.0.156:8000/mobile/assets/placeholder.jpg,,,IKFRBQIZ,702.859.2262,Tempore fuga quia sit aspernatur ea quas sed nulla. Dolores est est ullam praesentium ex explicabo. Nihil nihil itaque consectetur odio vitae qui.,"English, Malay",12,"Biodiversity, Jungle Trekking",active,2025-05-15 07:39:27,2025-05-15 07:39:27,,
6,visitor1,$2y$12$/y4eb5Brn9bA//HmA8dqnuzf.ToKQbw2M0wPBsUQqdgbbD2D1SP7S,visitor1@example.com,,,484.806.8781,Dr. Austen Jacobson,2009-02-04,male,"697 Micaela Corner Suite 796
New Enola, AR 60926-2951",3,2025-05-15 07:39:29,2025-05-15 07:39:29,active,http://172.17.0.156:8000/mobile/assets/placeholder.jpg,,,JENQLAIU,+1 (505) 983-2578,Sequi laborum vel aspernatur. Iure est architecto ad et. Quia necessitatibus molestiae ex vel odio. Maxime dolorum omnis est omnis numquam maxime.,"English, Malay",4,"Biodiversity, Jungle Trekking",active,2025-05-15 07:39:29,2025-05-15 07:39:29,,
7,visitor2,$2y$12$bK.wpaDlUF1K0INmmciyXOunYfbQ5sCmc9mvsJfWIHgVEj0oLKMEq,visitor2@example.com,,,+1 (458) 478-5877,Alyson Krajcik,1992-07-13,male,"5288 Sporer Ports
Rolfsonfurt, HI 96938",3,2025-05-15 07:39:30,2025-05-15 07:39:30,active,http://172.17.0.156:8000/mobile/assets/placeholder.jpg,,,L2CTP361,618-492-5703,Ullam sapiente voluptas dignissimos blanditiis. Quasi consequatur laudantium totam nesciunt perspiciatis. Molestiae non et sapiente consectetur id omnis voluptatem id.,"English, Malay",3,"Biodiversity, Jungle Trekking",active,2025-05-15 07:39:30,2025-05-15 07:39:30,,
8,visitor3,$2y$12$CcARjfwu6gYxBkWOWDzmbeGih8acsS2hLsf28A9GR675u.1F8CQ8S,visitor3@example.com,,,+1-385-783-1650,Cecil Wolf V,2013-06-19,male,"43774 Arnulfo Points
North Marilyne, VA 26928-7873",3,2025-05-15 07:39:31,2025-05-15 07:39:31,active,http://172.17.0.156:8000/mobile/assets/placeholder.jpg,,,HDPHSCBF,+1-215-222-7935,Maxime quo facere labore impedit. Corrupti voluptates ducimus velit. Quaerat aut tempore rerum non omnis eius cumque. Non officia iste quo sint sed.,"English, Malay",13,"Biodiversity, Jungle Trekking",active,2025-05-15 07:39:31,2025-05-15 07:39:31,,
9,lacy43,$2y$12$.kvY0IU7Vn/sKJ1Zmoie/OE4spwKI3HEVOEiJL3uaqwXxkNCmDcQu,corwin.cale@example.net,,,+1-651-548-5655,Prof. Russell Bogan,1999-09-07,male,"317 Keon Manors Suite 941
North Londonstad, NJ 31510",1,2025-05-15 07:39:33,2025-05-15 07:39:33,active,https://via.placeholder.com/640x480.png/00ee22?text=nostrum,,,ZDOLAMLQ,413.369.6342,Tempora voluptatum nostrum sequi in. Vel est laborum qui aut. At ad minima optio laudantium voluptates. Dolorum ratione est placeat sint eum porro ex consectetur.,"English, Malay",14,"Biodiversity, Jungle Trekking",active,2025-05-15 07:39:33,2025-05-15 07:39:33,,
10,wfarrell,$2y$12$R1I.p6Nq.rVMITLqr8HW9OhaPIslRoPdm8FdOgnxxKW0VgF.spcqe,henderson07@example.net,,,1-808-869-6147,Kale Breitenberg,2019-12-18,male,"127 Gleichner Extensions
Langport, IA 68393",1,2025-05-15 07:39:33,2025-05-15 07:39:33,active,https://via.placeholder.com/640x480.png/00ee55?text=fugit,,,CJMDZECW,507.399.6596,Dicta accusantium similique necessitatibus reiciendis optio aut. Rerum vitae unde ut perspiciatis minus est. Sit ut sit eaque sit esse soluta. Facere molestiae quaerat ut libero fugit voluptatem est.,"English, Malay",7,"Biodiversity, Jungle Trekking",active,2025-05-15 07:39:33,2025-05-15 07:39:33,,
11,nolan.hobart,$2y$12$IebYI/wr5Rk0PFFiFYU5Wu271sFcFqJAEBiyjwx/AWjtX8nkrPap.,michael69@example.org,,,1-585-943-2609,Miss Josie Price IV,2021-02-19,male,"15356 Buck Oval Apt. 703
Lake Marcelinaland, GA 87372",1,2025-05-15 07:39:34,2025-05-15 07:39:34,active,https://via.placeholder.com/640x480.png/0011ff?text=numquam,,,1EUCEJOE,1-575-214-5421,Reprehenderit autem excepturi voluptatem magni quia quae rem earum. Dolorem et et eum eveniet perspiciatis et minima. Illum facere sunt aut.,"English, Malay",8,"Biodiversity, Jungle Trekking",active,2025-05-15 07:39:34,2025-05-15 07:39:34,,
12,fcummings,$2y$12$lA2Vw234tqHOvewbkUlQvOtlEQ8cTo1.ZXWOIyg6SF2Jb.2bKkrLG,dickens.claudia@example.org,,,+1.479.498.4024,Prof. Sheldon Spinka,1992-07-22,female,"6538 Luettgen Drives
Keagantown, NC 71311",3,2025-05-15 07:39:35,2025-05-15 07:39:35,active,https://via.placeholder.com/640x480.png/00aa66?text=dolorum,,,XTZVB84U,934-808-8565,Libero alias cum commodi doloribus architecto. Atque consequatur qui cupiditate quia facilis. Molestias officia mollitia quam eveniet ducimus saepe nobis. Quisquam et non velit molestiae voluptates.,"English, Malay",9,"Biodiversity, Jungle Trekking",active,2025-05-15 07:39:35,2025-05-15 07:39:35,,
13,zachery.towne,$2y$12$AhWX7zjltICJCgsw6aSotO7tQ6Ix.XsszO4zscNsEmXaCC2CX2Vxa,amber.bahringer@example.org,,,(702) 718-4984,Nash Fahey,1994-02-25,female,"6323 Lemke Crossing Apt. 012
South Leonor, MI 01785",1,2025-05-15 07:39:36,2025-05-15 07:39:36,active,https://via.placeholder.com/640x480.png/006622?text=accusamus,,,JGQ7UKOJ,+1-803-280-0545,Exercitationem aut dolores error. Voluptate odio nam tempora est.,"English, Malay",14,"Biodiversity, Jungle Trekking",active,2025-05-15 07:39:36,2025-05-15 07:39:36,,
14,urolfson,$2y$12$g9JhFc8xHVNB2LKdslFvBeWt.OULIY0fKxRJ38tGW216fz0f6BwES,granville.berge@example.org,,,+1 (305) 282-4872,Prof. Jermaine Huels Sr.,2010-02-15,male,"501 Edwardo Walks Apt. 966
Gislasonchester, GA 36961",2,2025-05-15 07:39:36,2025-05-15 07:39:36,active,https://via.placeholder.com/640x480.png/0011aa?text=mollitia,,,CV2R9EIK,845-477-8593,Inventore voluptas saepe maiores deserunt. Nobis eaque asperiores quis molestiae. Tempore dolorem accusamus fugit excepturi. Earum consequuntur tempore quis nihil ut. Enim aut quisquam in.,"English, Malay",0,"Biodiversity, Jungle Trekking",active,2025-05-15 07:39:36,2025-05-15 07:39:36,,
15,schumm.christopher,$2y$12$oWYk5OGgdV7gssRvRIokveKvyVMJazRzQqK0YiD17kZj6S0d8mSrO,smith.dorothy@example.org,,,458.746.5159,Jaeden Walsh DDS,1970-10-14,female,"5945 Jaskolski Flat Apt. 918
East Frankiefort, CT 31966-0975",2,2025-05-15 07:39:37,2025-05-15 07:39:37,active,https://via.placeholder.com/640x480.png/008866?text=aut,,,A9DJ1MG2,1-607-700-4188,Et doloremque ipsa repellat ad. Doloribus assumenda rerum pariatur dolor. Quidem nulla deleniti sunt ipsam ullam necessitatibus repudiandae nostrum. Dolores est nisi laborum nesciunt quam.,"English, Malay",12,"Biodiversity, Jungle Trekking",active,2025-05-15 07:39:37,2025-05-15 07:39:37,,
16,kylie.torp,$2y$12$GGoVpeTcUU96fcYGVPlS7OIpGngRkwcfyo3HzF5xbVx87iD8Ihf3W,hahn.polly@example.com,,,501-562-4457,Dave Schuster,2009-10-04,female,"960 Chasity Field Apt. 759
West Sallie, IL 36951-6934",3,2025-05-15 07:39:38,2025-05-15 07:39:38,active,https://via.placeholder.com/640x480.png/000066?text=laboriosam,,,8LZJCS85,+1-281-716-1856,Qui tempore veritatis deleniti hic. Saepe provident dolorum delectus et sunt est rerum labore. Voluptatibus odit iste nemo mollitia ab. Atque nam commodi eum deserunt architecto sed libero doloribus. Sit alias vero rerum laudantium.,"English, Malay",15,"Biodiversity, Jungle Trekking",active,2025-05-15 07:39:38,2025-05-15 07:39:38,,
17,balistreri.darron,$2y$12$h5Va91Q2r6c6BrIXyCCOZeoZXPyeBfq3UjVeqK0qCTutXGiOZUvOe,schoen.kelly@example.net,,,1-972-527-4055,Gilbert Corkery DVM,1980-09-11,female,"5095 Elisha Grove Suite 293
Kshlerinchester, CA 05490-9122",3,2025-05-15 07:39:38,2025-05-15 07:39:38,active,https://via.placeholder.com/640x480.png/0044ff?text=eos,,,WL3UQR58,(307) 644-7640,Aliquid dignissimos illum doloribus odio. Voluptatibus labore atque magnam quisquam. Veniam reiciendis vitae aliquam dolores nostrum.,"English, Malay",4,"Biodiversity, Jungle Trekking",active,2025-05-15 07:39:38,2025-05-15 07:39:38,,
18,theron35,$2y$12$YpsGGXHOLCdd6w1y.uUt0eUEusPJOeYHaEq/HBNdLahTIFPoxTmYq,monte11@example.com,,,+1-940-286-2683,Alessia Herzog V,2014-03-12,male,"69141 Marisa Keys Suite 240
South Angeloside, MD 40889",3,2025-05-15 07:39:39,2025-05-15 07:39:39,active,https://via.placeholder.com/640x480.png/000011?text=perferendis,,,JC0ERZ2C,+15866187010,Nihil repudiandae adipisci aspernatur ut eos culpa magni. Rerum unde sit voluptate non. Et neque quas repudiandae sit placeat. Ab ipsa unde omnis facilis amet. Non sit modi ut porro dignissimos.,"English, Malay",12,"Biodiversity, Jungle Trekking",active,2025-05-15 07:39:39,2025-05-15 07:39:39,,
19,heidenreich.raymond,$2y$12$DznS1DsVtNfJCTiJ1LVdF.n7ut9tcgdAtdVs3VHgYi3wR6Lc9KSye,maudie71@example.org,,,1-567-822-0520,Tyreek Ritchie I,2006-06-30,female,"58042 Johann Row
East Jarrod, ID 15600-4702",3,2025-05-15 07:39:40,2025-05-15 07:39:40,active,https://via.placeholder.com/640x480.png/0099ff?text=officiis,,,TFH3WBW4,+1 (305) 290-4130,Voluptate ut nobis rem. Commodi suscipit aut sed. Esse qui facere quam fugiat.,"English, Malay",15,"Biodiversity, Jungle Trekking",active,2025-05-15 07:39:40,2025-05-15 07:39:40,,
20,larkin.ottis,$2y$12$VwBktCbPjhteVGdxgCHPXusGE.zhCm221jb5G5sdkbx5BHZIcDRC.,celine.hagenes@example.com,,,+1 (878) 958-5124,Viva Breitenberg,1987-11-02,female,"172 King Spur
Camilabury, FL 83718-9686",3,2025-05-15 07:39:41,2025-05-15 07:39:41,active,https://via.placeholder.com/640x480.png/007700?text=tempore,,,ACW6BAYT,424.798.2944,Dignissimos eum est accusantium harum. Dolores aliquam sapiente nulla autem voluptas et sit dolores. Aut sit repellendus corporis pariatur ipsa dolorum dolores.,"English, Malay",7,"Biodiversity, Jungle Trekking",active,2025-05-15 07:39:41,2025-05-15 07:39:41,,
21,beahan.trevion,$2y$12$kexrx.asSTb1qAVU3xvkB.vMORpqFh0xrZlvXPE6AoA5iXN/sCrby,blake87@example.com,,,(574) 415-0787,Dr. Jayde Rath III,1973-04-24,female,"4160 Borer Locks Suite 291
North Timmy, DE 42613",1,2025-05-15 07:39:41,2025-05-15 07:39:41,active,https://via.placeholder.com/640x480.png/00ff88?text=qui,,,GEBT93VK,+1-267-722-8125,Voluptate nesciunt delectus ut ut autem deleniti quam. In nobis eum et repudiandae omnis est molestiae. Dicta et voluptatem sunt ipsum velit facere eum.,"English, Malay",11,"Biodiversity, Jungle Trekking",active,2025-05-15 07:39:41,2025-05-15 07:39:41,,
22,larson.gerald,$2y$12$pvXvaFU5ra1uGe5za58EMeTN9N82MkUPpgQkGhSwYQQK4xB51Rvni,khalil44@example.com,,,+1.517.550.5261,Prof. Maya Rippin,1993-10-24,male,"6729 Mayert Groves
McDermottshire, NV 90828",2,2025-05-15 07:39:42,2025-05-15 07:39:42,active,https://via.placeholder.com/640x480.png/00dd77?text=nemo,,,SFSAXK2S,+1-619-807-3848,Officia alias aperiam aut facere totam. Id eveniet eius ullam recusandae non esse. Ipsam rem sit aspernatur saepe ab exercitationem blanditiis. Nostrum dignissimos provident quo facilis provident corporis voluptatem.,"English, Malay",3,"Biodiversity, Jungle Trekking",active,2025-05-15 07:39:42,2025-05-15 07:39:42,,
23,luna62,$2y$12$a2x1zBIPY7xQ2YVR8854F.WvBP0q/0XSxoJS/ePxa/HqSCn/sDbZu,kuvalis.assunta@example.net,,,859-816-2068,Nikita Steuber,2008-08-28,female,"775 Ernser Extension
Lake Fayeburgh, WA 28771-7929",2,2025-05-15 07:39:43,2025-05-15 07:39:43,active,https://via.placeholder.com/640x480.png/00bb77?text=accusamus,,,SUB9XH5J,+1 (980) 344-9121,Et qui est earum atque dignissimos possimus non. Porro officiis reprehenderit quasi neque. Consequuntur atque sed et omnis et. Eum asperiores accusamus deleniti debitis alias distinctio.,"English, Malay",14,"Biodiversity, Jungle Trekking",active,2025-05-15 07:39:43,2025-05-15 07:39:43,,
24,alvera.hahn,$2y$12$pqZB2TnTdKQsJgGQ.h8bIOPFMEtuoVkStn.N874Ic3/iRj0vqGjPS,wyman.garfield@example.net,,,+13518047514,Tanner Wisozk,2022-04-27,male,"3247 Stracke Plains Apt. 966
New Nilsbury, NM 85696-6941",2,2025-05-15 07:39:44,2025-05-15 07:39:44,active,https://via.placeholder.com/640x480.png/00dd00?text=officiis,,,L50RJHEP,+13604564318,Asperiores laudantium veritatis praesentium sint libero consequatur. Temporibus dolorum id voluptas recusandae maxime cupiditate. Modi rerum esse ad sapiente sunt.,"English, Malay",12,"Biodiversity, Jungle Trekking",active,2025-05-15 07:39:44,2025-05-15 07:39:44,,
25,zhagenes,$2y$12$zBc5Luy9Pf2fZEtC03OkVubKQrhtr6NdxOBKrJGqjLgjOxidyjkHa,igleason@example.org,,,+13368921330,Jude Langworth,1997-03-26,male,"171 Xzavier Light
Rowenamouth, DE 97839",3,2025-05-15 07:39:45,2025-05-15 07:39:45,active,https://via.placeholder.com/640x480.png/003311?text=omnis,,,CAB4E5FF,270-691-2649,Consequatur a mollitia numquam nulla quibusdam tempora. Alias quibusdam rerum architecto occaecati eligendi. Ipsum ex quae quia illum voluptatem. Quia officiis odit qui quis unde possimus ut.,"English, Malay",15,"Biodiversity, Jungle Trekking",active,2025-05-15 07:39:45,2025-05-15 07:39:45,,
26,emmitt.prohaska,$2y$12$yqeB7Wp4a4r1mbGwEaGZYOf7Y/mzs9loprHKjayLDW4DVfRvYT3ka,tmcclure@example.com,,,1-712-967-2626,Giovanna Leffler,1978-04-23,female,"76245 Turner Plaza Suite 092
Casandraland, MO 97118",2,2025-05-15 07:39:45,2025-05-15 07:39:45,active,https://via.placeholder.com/640x480.png/00dd22?text=quis,,,8WTKN3EJ,(951) 894-0453,Nihil in harum porro porro ea iure. In animi consequatur quis aut et numquam voluptas. Vitae sed voluptas cumque quam debitis qui iusto.,"English, Malay",10,"Biodiversity, Jungle Trekking",active,2025-05-15 07:39:45,2025-05-15 07:39:45,,
27,shermiston,$2y$12$Y7//9gLxmpJoJvLEBxr6luQx14ECs5ph92zDuOsoEiUw9/R5z4fMi,eloisa04@example.net,,,+1-234-240-5477,Gloria Kilback,2006-05-18,female,"225 Deshawn Passage Suite 503
Lake Adrianamouth, KY 62198-9689",1,2025-05-15 07:39:46,2025-05-15 07:39:46,active,https://via.placeholder.com/640x480.png/0000aa?text=est,,,9I7CIL5X,+1.252.560.3867,Vero sed enim itaque dolores voluptatum. Numquam ut molestiae est laboriosam repellat distinctio dolores. Est quisquam sit voluptas inventore.,"English, Malay",7,"Biodiversity, Jungle Trekking",active,2025-05-15 07:39:46,2025-05-15 07:39:46,,
28,pmedhurst,$2y$12$XzBRjxU3Hh.CR3cf6NURn.B07wAXkiE/V1x5ZWAuVJB4KTFy/dLQe,aswift@example.org,,,(512) 415-9710,Jailyn Jast MD,2024-06-17,male,"46530 Dave Meadow
Port Lane, KS 91469",3,2025-05-15 07:39:47,2025-05-15 07:39:47,active,https://via.placeholder.com/640x480.png/007744?text=rerum,,,3LZ7C40R,+1 (432) 983-5521,Nostrum aliquam aut error veniam. Vero autem ratione rerum quia ipsa sunt. Occaecati placeat aut laudantium quisquam adipisci aut. Sunt perferendis et fugit beatae.,"English, Malay",3,"Biodiversity, Jungle Trekking",active,2025-05-15 07:39:47,2025-05-15 07:39:47,,
29,crona.greg,$2y$12$JU.QnQdkj2./B9hxR6pjW.Gq/TIi4gYDKr94nFXVj8P2uSrFPe/yK,ugoldner@example.com,,,541-517-4787,Geoffrey Nolan,2019-12-07,male,"224 Lesch Ville Apt. 750
Carolemouth, GA 11035-3821",2,2025-05-15 07:39:49,2025-05-15 07:39:49,active,https://via.placeholder.com/640x480.png/005577?text=adipisci,,,GHGSDKLI,1-520-473-0718,Quam eius et repellendus at aut. Repudiandae sit expedita odio asperiores esse qui velit. Est sequi error voluptatem autem nihil explicabo dolorem.,"English, Malay",4,"Biodiversity, Jungle Trekking",active,2025-05-15 07:39:49,2025-05-15 07:39:49,,
30,oreilly.earl,$2y$12$S6U1gBK2ae1Fm5AHsspibufxerAgJuUAjsdc.h9iqPCCcNy2Gt4fi,swest@example.net,,,872.679.9213,Monique Runte,2021-05-12,male,"52148 Anita Crescent Suite 903
East Leannabury, SD 41737",3,2025-05-15 07:39:49,2025-05-15 07:39:49,active,https://via.placeholder.com/640x480.png/0077ff?text=nemo,,,5OFCQNXP,680-335-3830,Et vel ut molestiae. Est nisi sed ipsum eligendi iste et incidunt.,"English, Malay",2,"Biodiversity, Jungle Trekking",active,2025-05-15 07:39:49,2025-05-15 07:39:49,,
31,trace65,$2y$12$lhRuBXa5yCuQw4hJv1rzvuHxcvEo4cYf1Jj1KbS0Xbwzzs6uqwyZe,lavinia.goyette@example.org,,,(660) 852-7844,Mrs. Catharine Tromp DVM,1983-05-07,male,"4874 Antonio Ramp Suite 641
Maximuston, IN 03928-3718",1,2025-05-15 07:39:50,2025-05-15 07:39:50,active,https://via.placeholder.com/640x480.png/0044dd?text=porro,,,AGC6PZTG,786.234.5783,Et veritatis corporis sunt cumque. Rerum minima provident vel et. Sed mollitia sit quo at doloribus.,"English, Malay",4,"Biodiversity, Jungle Trekking",active,2025-05-15 07:39:50,2025-05-15 07:39:50,,
32,alysha.gottlieb,$2y$12$IZVWq/q7DxzNLjt3TQ/Ot.SIBSHjOKY0P2h0ItfCccyIjrTzuQo5u,bart27@example.com,,,(561) 779-2073,Roselyn Pfannerstill,2002-09-07,female,"4118 Lebsack Spur Suite 946
Amelietown, AR 60786",3,2025-05-15 07:39:51,2025-05-15 07:39:51,active,https://via.placeholder.com/640x480.png/006666?text=dignissimos,,,EEJWUUQ5,1-629-454-3872,Ullam assumenda voluptatem deserunt eius. Fugiat quis quasi voluptas sint aliquam maxime rerum. Aspernatur numquam enim autem sunt exercitationem et.,"English, Malay",12,"Biodiversity, Jungle Trekking",active,2025-05-15 07:39:51,2025-05-15 07:39:51,,
33,tyshawn80,$2y$12$GPI0jkzimiLlGRjXpZNiB.3KM7/hNdVMslDQgufMiNpP/gyg2Qi6C,jenkins.elisabeth@example.com,,,(217) 771-2906,Prof. Sigurd Bogan,1999-06-27,female,"343 Schiller Neck
New Melisa, TX 20064",3,2025-05-15 07:39:52,2025-05-15 07:39:52,active,https://via.placeholder.com/640x480.png/00aaaa?text=tempora,,,UEKDQM6Q,+1 (713) 333-3162,Quia aperiam soluta quae illum. Est dolorem similique nam consequatur vitae. Accusamus autem ab alias sed dolorem. Perspiciatis vero placeat sunt necessitatibus.,"English, Malay",5,"Biodiversity, Jungle Trekking",active,2025-05-15 07:39:52,2025-05-15 07:39:52,,
34,phuels,$2y$12$VGnmgwLPAoOrHFc5O6dLQ.gmLbii11sXnpTI8yEJ7FgceqNB.lTry,alessandro.pfannerstill@example.net,,,984.787.2345,Claud Schamberger PhD,1997-04-17,male,"553 Wiza Expressway
Ashleechester, CO 01809-6171",2,2025-05-15 07:39:52,2025-05-15 07:39:52,active,https://via.placeholder.com/640x480.png/0033bb?text=ut,,,IRSJ5LWH,912.575.7917,Eos porro consequatur dolorem distinctio vel. Voluptas saepe cupiditate laudantium labore. Eveniet adipisci eligendi odio harum esse et corrupti.,"English, Malay",6,"Biodiversity, Jungle Trekking",active,2025-05-15 07:39:52,2025-05-15 07:39:52,,
35,myron.blick,$2y$12$IpxX7DMA7pb.b/lIz9xXvuiaT4ulldVW0B1p7fB.oiZ45eRQZgrgy,roman.labadie@example.org,,,1-443-634-1474,Jordan Walsh,2018-02-02,male,"2999 Gleason Estates Suite 986
Cummerataland, WI 49636-7703",1,2025-05-15 07:39:53,2025-05-15 07:39:53,active,https://via.placeholder.com/640x480.png/00ff66?text=nisi,,,R4OSHQ68,+15513210736,Veniam expedita voluptas corrupti quibusdam at. Et neque repellat rerum omnis. Perspiciatis autem assumenda qui voluptatem iusto.,"English, Malay",6,"Biodiversity, Jungle Trekking",active,2025-05-15 07:39:53,2025-05-15 07:39:53,,
36,fanny.wilderman,$2y$12$U3k.pZ9azlE6cfRy.sBQ.OGVNcSKkaVy9Tkede7rEk7Y7mtpGEav.,orville25@example.net,,,414-259-7002,Norma Crooks,1986-06-17,male,"89214 Luettgen Flats Suite 021
East Guidoside, AZ 67811-6666",2,2025-05-15 07:39:54,2025-05-15 07:39:54,active,https://via.placeholder.com/640x480.png/001155?text=enim,,,HE3WUK56,320-694-7854,Nihil minima qui beatae accusamus magnam accusamus dolorem soluta. Qui natus qui non sunt maxime omnis nihil minus.,"English, Malay",7,"Biodiversity, Jungle Trekking",active,2025-05-15 07:39:54,2025-05-15 07:39:54,,
37,marjolaine.halvorson,$2y$12$Lef7I7xPRvqI0Yf4zd8RoevulbDi93UBrCgnQ1fjfKkaUhqLjE1DO,litzy36@example.org,,,1-740-524-9888,Mrs. Tatyana Cartwright,1980-05-23,female,"985 Wiley Haven
Micahville, IL 13965-0643",1,2025-05-15 07:39:54,2025-05-15 07:39:54,active,https://via.placeholder.com/640x480.png/0066ee?text=eos,,,QWED0KMZ,520-532-8224,Sequi deserunt totam sequi in architecto. Soluta nostrum quae at ut. Totam facilis consequatur quis recusandae molestias ea ut.,"English, Malay",6,"Biodiversity, Jungle Trekking",active,2025-05-15 07:39:54,2025-05-15 07:39:54,,
38,cmurray,$2y$12$E33GMae0.SS9VcRtjfbYO.uWTzKDdYNN0y7nvrWGpByuSkC6RzYrm,ritchie.theodore@example.org,,,+12623320560,Prof. Micheal Steuber IV,2023-08-10,female,"7044 Turcotte Falls
New Damaris, MN 43933",3,2025-05-15 07:39:55,2025-05-15 07:39:55,active,https://via.placeholder.com/640x480.png/001155?text=voluptatem,,,KAZPVUVS,(762) 518-3885,Molestiae autem quae quo est qui pariatur. Sapiente eum nostrum deleniti ea nemo ipsum.,"English, Malay",15,"Biodiversity, Jungle Trekking",active,2025-05-15 07:39:55,2025-05-15 07:39:55,,
39,pkertzmann,$2y$12$W8bW12gUYOvHZHiyK1EOLe2V1XeSwLlMSTopOmMvHR7pQT0NROv5C,emerald17@example.net,,,+1 (301) 249-2798,Mrs. Shanon Kutch IV,2021-02-02,female,"13766 Kathlyn Valley Apt. 032
New Thomas, NY 52838",1,2025-05-15 07:39:56,2025-05-15 07:39:56,active,https://via.placeholder.com/640x480.png/001177?text=incidunt,,,H7MPB7Z7,+1-934-812-7810,Ut pariatur repellat repellat pariatur. Nihil quae exercitationem ipsum est eos sit praesentium. Eos sunt cum ex ex voluptas laudantium. Aut adipisci exercitationem provident rerum earum sapiente. Minima sequi unde minima quibusdam quis rerum.,"English, Malay",13,"Biodiversity, Jungle Trekking",active,2025-05-15 07:39:56,2025-05-15 07:39:56,,
40,ryan73,$2y$12$YB6zsw6TtlEaXGUtunrWvO8F1cQp6v3dFC.pARYujQJpBIl/o2noy,melvina67@example.net,,,857.344.6227,Mitchel Keeling,1976-09-25,female,"788 Luettgen Station
South Lacytown, TN 85167-1924",1,2025-05-15 07:39:56,2025-05-15 07:39:56,active,https://via.placeholder.com/640x480.png/00ee66?text=neque,,,YZBBDNST,682-287-4994,A voluptatem accusantium repellendus nisi harum. Mollitia ut aspernatur quasi omnis iusto voluptatibus. Officia sunt sint et.,"English, Malay",3,"Biodiversity, Jungle Trekking",active,2025-05-15 07:39:56,2025-05-15 07:39:56,,
41,eloisa42,$2y$12$GXquHgLwU9KH7E00R952POSWeRqe7DkbzAJOnkOQZ1dBD7m4JsKIq,jefferey.roberts@example.org,,,(303) 404-4180,Ms. Flossie Kshlerin,2006-09-09,male,"462 Thompson Mountain
West Dedrick, CA 32621",3,2025-05-15 07:39:57,2025-05-15 07:39:57,active,https://via.placeholder.com/640x480.png/0077ff?text=amet,,,9K9YV0WP,+1.239.642.3451,Consequatur ab nam et tempora. Autem consequatur similique amet velit tempora perferendis autem. At iusto et aut aliquam. Ea et et dignissimos repellendus sed sit consequatur id.,"English, Malay",1,"Biodiversity, Jungle Trekking",active,2025-05-15 07:39:57,2025-05-15 07:39:57,,
42,goyette.chelsey,$2y$12$Gog6dq/8qov3nMSyxMjIs.P/T3X1CeSAgoS9rV.YdgT4hF1PfkPNK,kunde.brayan@example.org,,,+1-283-593-0574,Prof. Elinore Hickle MD,1971-03-08,female,"959 Reichel Station Suite 751
Lake Destineeburgh, HI 62906-9150",2,2025-05-15 07:39:58,2025-05-15 07:39:58,active,https://via.placeholder.com/640x480.png/0077dd?text=omnis,,,ZSE6CIWS,1-865-889-9874,Qui qui qui reiciendis voluptatem voluptatem. A est cumque repellat voluptatem. Architecto occaecati quis nobis perferendis ut. Molestiae earum nemo enim hic aliquam aut.,"English, Malay",15,"Biodiversity, Jungle Trekking",active,2025-05-15 07:39:58,2025-05-15 07:39:58,,
43,eryan,$2y$12$22OtljYu0hR0u1M64EIH3uOyFbpap86mFL7PbXeQkfbDMMic76OPu,ggibson@example.com,,,+1 (380) 709-4751,Brisa Lynch,2023-12-22,male,"863 Zoila Rest Suite 343
East Estellaberg, ID 80889",3,2025-05-15 07:39:59,2025-05-15 07:39:59,active,https://via.placeholder.com/640x480.png/004444?text=distinctio,,,AU5M3FPY,385.712.1649,Minima aut mollitia vel sapiente nihil. Esse impedit saepe molestiae optio inventore rerum. Sint voluptates culpa illo.,"English, Malay",14,"Biodiversity, Jungle Trekking",active,2025-05-15 07:39:59,2025-05-15 07:39:59,,
44,bethel48,$2y$12$1drPGOKPBZdgTIDZsX1N9O3L7E4Szf.KegvekZXpyGFcloyUQ7rmm,rafaela93@example.org,,,337-601-6256,Lorena Cummings,1970-04-04,male,"5590 Aubrey Street
Kihntown, VT 48000-3667",3,2025-05-15 07:39:59,2025-05-15 07:39:59,active,https://via.placeholder.com/640x480.png/003322?text=omnis,,,FCHC2IZE,+1 (872) 978-3413,Assumenda odit dolorem vel illo. Adipisci aut rem voluptatibus deserunt non. Ullam asperiores praesentium molestiae numquam occaecati qui in.,"English, Malay",8,"Biodiversity, Jungle Trekking",active,2025-05-15 07:39:59,2025-05-15 07:39:59,,
45,fgrimes,$2y$12$P2P.y0NsPQ7oljKmgnpbKui6rCXXHyS8N0X59kKgrxXSyt/Uq59wK,clay98@example.net,,,(425) 919-9272,Demetrius Gleason,2010-07-07,male,"8639 Stokes Street
East Kaitlinhaven, NM 75058",3,2025-05-15 07:40:00,2025-05-15 07:40:00,active,https://via.placeholder.com/640x480.png/006699?text=commodi,,,RHZHOE4U,+1 (785) 624-2315,Cumque rerum voluptas sit et. Officiis ut minus id nihil alias rerum quam. Eligendi sint a dolor distinctio voluptatem vel ex ex. Corrupti est omnis sed modi perferendis.,"English, Malay",10,"Biodiversity, Jungle Trekking",active,2025-05-15 07:40:00,2025-05-15 07:40:00,,
46,corene42,$2y$12$dU3wbpNfobOAByuc.R0/..HZQ0nPcYj.Qaln.CkexUJmLRtGV3K9q,paula.lesch@example.com,,,1-202-986-1810,Frederik Schmitt,1970-10-24,male,"2057 Berge Square Suite 396
Rashawnside, VT 63842",3,2025-05-15 07:40:01,2025-05-15 07:40:01,active,https://via.placeholder.com/640x480.png/00cc44?text=similique,,,4T9PGBRF,323-445-2121,Eum amet ut velit nulla rerum dolorem assumenda. Quia eaque veritatis occaecati. Unde aut sequi porro voluptas impedit. Optio quisquam nobis harum qui quo. Nulla aliquam eligendi voluptates ratione.,"English, Malay",14,"Biodiversity, Jungle Trekking",active,2025-05-15 07:40:01,2025-05-15 07:40:01,,
47,jayden41,$2y$12$QnL.BsNC7V.RRctmAcXexu2AO8o0RWKQe1TZN4TDCThOcKqiYZE6W,powlowski.kayley@example.org,,,+1-848-385-6568,Miguel Larkin,2002-01-19,female,"493 Bogisich Passage Suite 998
Boyleburgh, AL 43676",2,2025-05-15 07:40:01,2025-05-15 07:40:01,active,https://via.placeholder.com/640x480.png/0077ff?text=libero,,,M9CNMBXN,+1-838-775-6082,Adipisci autem eos sit sed explicabo ducimus. Porro non ad quas quo laudantium voluptatum. Nam atque voluptas autem molestiae rerum. Qui ab fugiat qui eos.,"English, Malay",7,"Biodiversity, Jungle Trekking",active,2025-05-15 07:40:01,2025-05-15 07:40:01,,
48,lon.stoltenberg,$2y$12$ImZUyMvpepsnwOzTOkCFAuXtM5TABmIRZ5b.YqVUhWFAW8v/SOQrm,parisian.arturo@example.org,,,304.338.3935,Keon Kozey,2008-05-24,male,"696 Satterfield Tunnel
Lucileland, OK 38140",2,2025-05-15 07:40:02,2025-05-15 07:40:02,active,https://via.placeholder.com/640x480.png/00ee88?text=in,,,LY02E4NZ,820.352.1567,Numquam possimus cupiditate officia asperiores aliquam eius tempore. Omnis et dolorem voluptas rem alias necessitatibus voluptas. Explicabo amet aliquid enim dignissimos natus quia quo delectus. Porro sunt doloribus qui vel ab.,"English, Malay",7,"Biodiversity, Jungle Trekking",active,2025-05-15 07:40:02,2025-05-15 07:40:02,,
49,kasey.kovacek,$2y$12$gk8s4fg.g58nOLrFfb1Y.e8eGXgXHoy3t7ONngEPeZ0BSKZsSjtWe,jasper.jacobs@example.com,,,1-312-967-9279,Emmet Spencer,1990-04-07,male,"7925 Duane Row
Greggberg, NJ 43188-4620",3,2025-05-15 07:40:03,2025-05-15 07:40:03,active,https://via.placeholder.com/640x480.png/005544?text=non,,,PRMAXSTF,+1 (252) 239-2113,Repellat adipisci dolorem fuga et modi nostrum. Explicabo temporibus ullam modi adipisci. Atque nihil laudantium inventore perspiciatis.,"English, Malay",15,"Biodiversity, Jungle Trekking",active,2025-05-15 07:40:03,2025-05-15 07:40:03,,
50,bessie56,$2y$12$dEkcRaVdZKpp7Y.Hqry7X.a3EnCOIdFq.nHCNFp4bB33ZBegi0xpm,ikeeling@example.com,,,+1 (310) 943-0127,Americo Runolfsson,1980-12-09,male,"606 Hegmann Underpass
Willmsville, IN 62641",3,2025-05-15 07:40:03,2025-05-15 07:40:03,active,https://via.placeholder.com/640x480.png/001177?text=debitis,,,CAV57YYR,+1-930-624-0447,Et provident ratione aut odit. Ex ea aspernatur neque rerum voluptatibus. Assumenda porro est voluptate eum voluptas.,"English, Malay",6,"Biodiversity, Jungle Trekking",active,2025-05-15 07:40:03,2025-05-15 07:40:03,,
51,pedro.russel,$2y$12$pNj07ZHi/B3Ipcn9KRtN/uskSS1e4HvSs5Lax70Mg/BgOdoTS5RH2,montana.homenick@example.net,,,+1 (848) 244-0893,Elvis Champlin,1973-07-27,male,"63362 Precious Underpass
Nakiaville, SD 42338",2,2025-05-15 07:40:04,2025-05-15 07:40:04,active,https://via.placeholder.com/640x480.png/00aa11?text=voluptatum,,,E8IFNXV7,+1.559.715.1210,Inventore nihil delectus autem placeat deserunt. Possimus aut quam in placeat vel consequatur quis maiores. Id beatae officiis similique. Voluptas quia quas recusandae ut.,"English, Malay",15,"Biodiversity, Jungle Trekking",active,2025-05-15 07:40:04,2025-05-15 07:40:04,,
52,isabell.pagac,$2y$12$KXoMoIDjLsOMUP739CT5Vu6sDyVSMSZGIdiZlVMbmM8heDvywz/8m,mayert.megane@example.net,,,+1-585-991-0760,Oran Weissnat,2020-05-24,female,"495 Justyn Valleys Apt. 138
West Reagan, LA 48728",2,2025-05-15 07:40:05,2025-05-15 07:40:05,active,https://via.placeholder.com/640x480.png/0066ee?text=repellendus,,,FQZX5YMO,909.217.9317,Placeat sunt delectus dolore culpa modi dolores. Repellat odio deleniti nihil exercitationem. Et expedita et ut nisi exercitationem quam laudantium.,"English, Malay",6,"Biodiversity, Jungle Trekking",active,2025-05-15 07:40:05,2025-05-15 07:40:05,,
53,ymcdermott,$2y$12$I17C1BwG40eth3TIQASmm.PnF24y1yao68YKH4PgHqG5gky9qeJ6a,dstark@example.org,,,959-778-4491,Maximus Schumm,1997-08-20,male,"81009 Haley Mission Apt. 541
Easterborough, NJ 65613-2764",3,2025-05-15 07:40:06,2025-05-15 07:40:06,active,https://via.placeholder.com/640x480.png/002200?text=harum,,,BYOQFEMT,1-520-576-5066,Quod assumenda similique laudantium dolorum delectus animi. Alias libero velit recusandae qui. Sint omnis aut est libero recusandae molestiae at. Nam magnam cum ut sit.,"English, Malay",13,"Biodiversity, Jungle Trekking",active,2025-05-15 07:40:06,2025-05-15 07:40:06,,
54,zjakubowski,$2y$12$o92TqvRKhx4TMD3d6kURmOfwbcSBdPYdZi8QwgfFm4Kmhosd2dUNi,camilla16@example.com,,,567-785-5233,Bud Schmitt,1979-10-11,female,"84595 Stiedemann Parkway
Koeppbury, MS 42035",2,2025-05-15 07:40:06,2025-05-15 07:40:06,active,https://via.placeholder.com/640x480.png/00ff77?text=a,,,BJM2YMOH,1-332-764-9789,Reiciendis sed officiis quis rerum illo. Atque atque totam et earum. Voluptas eligendi aperiam aut facere accusantium velit. Mollitia eaque quisquam est rem.,"English, Malay",3,"Biodiversity, Jungle Trekking",active,2025-05-15 07:40:06,2025-05-15 07:40:06,,
55,greenfelder.michel,$2y$12$ROFPmXwyw99e4mnDyIzMoeuPF7LigBtY37nFjBwZsnX91lrltkv/u,abdul35@example.com,,,+1-320-870-3464,Amy Schimmel,2003-03-30,male,"9483 Gennaro Extensions
East Israel, NV 08153-4630",2,2025-05-15 07:40:07,2025-05-15 07:40:07,active,https://via.placeholder.com/640x480.png/00aa88?text=eaque,,,3BT7TFWM,(423) 695-3442,Et a id expedita omnis autem omnis quisquam. Soluta aut eum impedit nobis sed dolores perspiciatis at. Iusto vel laborum est et odit natus.,"English, Malay",7,"Biodiversity, Jungle Trekking",active,2025-05-15 07:40:07,2025-05-15 07:40:07,,
56,karlie88,$2y$12$x7SEbP2GnqrsGPSVMS.BSOeyMMZ/uAqhGClPlbhquDW/e1t7BFTFq,rowe.emmitt@example.org,,,(430) 802-1669,Peggie Heathcote MD,2006-04-15,male,"1026 Taya Fall Suite 664
North Danial, WA 07035-8783",2,2025-05-15 07:40:08,2025-05-15 07:40:08,active,https://via.placeholder.com/640x480.png/00cc11?text=sit,,,SKCBMJYO,770-229-0687,Sed sed repudiandae ex quidem ut nemo. Nesciunt sunt dolores id repellat corporis. Consequatur est minus dolorem quia iste iusto. Voluptate iure natus molestias et.,"English, Malay",8,"Biodiversity, Jungle Trekking",active,2025-05-15 07:40:08,2025-05-15 07:40:08,,
57,elijah11,$2y$12$UoYgk2KrjQhQBBjwLWJc8.lFI1fbt/fQ8KkbQN5JJW9TwWbe0KyJi,maxie22@example.org,,,(979) 528-5103,Mr. Milan Pollich IV,1977-01-03,female,"89551 DuBuque Junctions
West Lesliefort, NY 36038",1,2025-05-15 07:40:08,2025-05-15 07:40:08,active,https://via.placeholder.com/640x480.png/0033bb?text=doloribus,,,AZPJ4CHN,(541) 653-2707,Autem non quia quasi nisi ut harum eos. Quis dolor quia qui qui eligendi necessitatibus. Voluptatem iste soluta ipsam enim minima dignissimos.,"English, Malay",7,"Biodiversity, Jungle Trekking",active,2025-05-15 07:40:08,2025-05-15 07:40:08,,
58,bradtke.eunice,$2y$12$9cZJ9KFVa8EyyWJ0VtGMH.bQ.LGY5cfdRQMMgCcay4a6YpGJy5kRu,damion81@example.net,,,(985) 587-0894,Torey Corwin,2017-01-04,female,"416 Doyle Vista Apt. 967
Bonitastad, NH 88882",3,2025-05-15 07:40:09,2025-05-15 07:40:09,active,https://via.placeholder.com/640x480.png/00ff99?text=expedita,,,NKNRUDEY,+15203044564,Est est fuga id minus minus consequatur temporibus. Delectus quod id quaerat voluptatem. Velit magnam aut consequatur voluptatem. Inventore totam labore omnis quo est sit numquam.,"English, Malay",10,"Biodiversity, Jungle Trekking",active,2025-05-15 07:40:09,2025-05-15 07:40:09,,
